author_name,rating,body,review_date
Jane Doe,5,"Loved the espresso and the quick service, will be back every week!",2024-05-02
Sam Lee,2,"Waited 30 minutes for a table on a slow Tuesday and no one apologized.",2024-05-04
Priya Patel,4,"Great pastries, but the music was a bit too loud for a weekday morning.",2024-05-06
Marcus Chen,1,"Ordered a latte and got a plain coffee instead, and the staff argued with me about it.",2024-05-09
Olivia Brooks,5,"The barista remembered my order from last time, small touch that made my day.",2024-05-10
Diego Ramirez,3,"Coffee was good but the wifi kept dropping while I was trying to work.",2024-05-12
Aisha Khan,5,"Best oat milk cappuccino in the neighborhood, consistent every single visit.",2024-05-14
Tom Wilson,2,"Table was sticky and stayed that way even after I asked for it to be wiped down.",2024-05-16
Grace Kim,4,"Friendly staff and cozy seating, just wish they had more vegan pastry options.",2024-05-18
Ben Turner,1,"Charged me twice for the same order and it took three emails to get a refund.",2024-05-20
